/*
Deployment script for FinalChallenge

This code was generated by a tool.
Changes to this file may cause incorrect behavior and will be lost if
the code is regenerated.
*/

GO
SET ANSI_NULLS, ANSI_PADDING, ANSI_WARNINGS, ARITHABORT, CONCAT_NULL_YIELDS_NULL, QUOTED_IDENTIFIER ON;

SET NUMERIC_ROUNDABORT OFF;


GO
:setvar DatabaseName "FinalChallenge"
:setvar DefaultFilePrefix "FinalChallenge"
:setvar DefaultDataPath ""
:setvar DefaultLogPath ""

GO
:on error exit
GO
/*
Detect SQLCMD mode and disable script execution if SQLCMD mode is not supported.
To re-enable the script after enabling SQLCMD mode, execute the following:
SET NOEXEC OFF; 
*/
:setvar __IsSqlCmdEnabled "True"
GO
IF N'$(__IsSqlCmdEnabled)' NOT LIKE N'True'
    BEGIN
        PRINT N'SQLCMD mode must be enabled to successfully execute this script.';
        SET NOEXEC ON;
    END


GO
IF EXISTS (SELECT 1
           FROM   [sys].[databases]
           WHERE  [name] = N'$(DatabaseName)')
    BEGIN
        ALTER DATABASE [$(DatabaseName)]
            SET ANSI_NULLS ON,
                ANSI_PADDING ON,
                ANSI_WARNINGS ON,
                ARITHABORT ON,
                CONCAT_NULL_YIELDS_NULL ON,
                QUOTED_IDENTIFIER ON,
                ANSI_NULL_DEFAULT ON 
            WITH ROLLBACK IMMEDIATE;
    END


GO
IF EXISTS (SELECT 1
           FROM   [sys].[databases]
           WHERE  [name] = N'$(DatabaseName)')
    BEGIN
        ALTER DATABASE [$(DatabaseName)]
            SET ALLOW_SNAPSHOT_ISOLATION OFF;
    END


GO
IF EXISTS (SELECT 1
           FROM   [sys].[databases]
           WHERE  [name] = N'$(DatabaseName)')
    BEGIN
        ALTER DATABASE [$(DatabaseName)]
            SET QUERY_STORE (CLEANUP_POLICY = (STALE_QUERY_THRESHOLD_DAYS = 30), MAX_STORAGE_SIZE_MB = 100) 
            WITH ROLLBACK IMMEDIATE;
    END


GO
PRINT N'Creating [dbo].[Customer]...';


GO
CREATE TABLE [dbo].[Customer] (
    [CustNo]       INT           NOT NULL,
    [Name]         NVARCHAR (50) NULL,
    [Address]      NVARCHAR (50) NULL,
    [PostCode]     INT           NULL,
    [InterestCode] NVARCHAR (2)  NULL,
    PRIMARY KEY CLUSTERED ([CustNo] ASC)
);


GO
PRINT N'Creating [dbo].[Interest]...';


GO
CREATE TABLE [dbo].[Interest] (
    [InterestCode] NVARCHAR (2)  NOT NULL,
    [Desc]         NVARCHAR (20) NULL,
    PRIMARY KEY CLUSTERED ([InterestCode] ASC)
);


GO
PRINT N'Creating [dbo].[Record]...';


GO
CREATE TABLE [dbo].[Record] (
    [RecordId]  NVARCHAR (5)  NOT NULL,
    [Title]     NVARCHAR (30) NULL,
    [Performer] NVARCHAR (20) NULL,
    PRIMARY KEY CLUSTERED ([RecordId] ASC)
);


GO
PRINT N'Creating [dbo].[Sale]...';


GO
CREATE TABLE [dbo].[Sale] (
    [CustNo]      INT          NOT NULL,
    [RecordId]    NVARCHAR (5) NOT NULL,
    [DateOrdered] DATE         NOT NULL,
    [Price]       MONEY        NULL,
    PRIMARY KEY CLUSTERED ([CustNo] ASC, [RecordId] ASC, [DateOrdered] ASC)
);


GO
PRINT N'Creating unnamed constraint on [dbo].[Customer]...';


GO
ALTER TABLE [dbo].[Customer] WITH NOCHECK
    ADD FOREIGN KEY ([InterestCode]) REFERENCES [dbo].[Interest] ([InterestCode]);


GO
PRINT N'Creating unnamed constraint on [dbo].[Sale]...';


GO
ALTER TABLE [dbo].[Sale] WITH NOCHECK
    ADD FOREIGN KEY ([CustNo]) REFERENCES [dbo].[Customer] ([CustNo]);


GO
PRINT N'Creating unnamed constraint on [dbo].[Sale]...';


GO
ALTER TABLE [dbo].[Sale] WITH NOCHECK
    ADD FOREIGN KEY ([RecordId]) REFERENCES [dbo].[Record] ([RecordId]);


GO
/*
Post-Deployment Script Template							
--------------------------------------------------------------------------------------
 This file contains SQL statements that will be appended to the build script.		
 Use SQLCMD syntax to include a file in the post-deployment script.			
 Example:      :r .\myfile.sql								
 Use SQLCMD syntax to reference a variable in the post-deployment script.		
 Example:      :setvar TableName MyTable							
               SELECT * FROM [$(TableName)]					
--------------------------------------------------------------------------------------
*/

DELETE FROM [dbo].[Sale];
DELETE FROM [dbo].[Record];
DELETE FROM [dbo].[Customer];
DELETE FROM [dbo].[Interest];

INSERT INTO [dbo].[Interest] ([InterestCode], [Desc])
VALUES	('RR', 'Rock and Roll'),
		('JA', 'Jazz'),
		('RB', 'Rhythm and Blues');

INSERT INTO [dbo].[Customer] ([CustNo], [Name], [Address], [PostCode], [InterestCode])
VALUES	(123, 'Jimmy Barnes', '1 Sesame St', 3000, 'RR'),
		(456, 'Ian Moss', '10 Downing St', 4000, 'JA'),
		(789, 'Don Walker', '221B Baker St', 5000, 'RB'),
		(234, 'Steve Prestwich', 'LG1 College Cres, Parkville', 6000, 'RR'),
		(567, 'Phil Small', '1 Adelaide Avenue', 7000, 'RB');

INSERT INTO [dbo].[Record] ([RecordId], [Title], [Performer])
VALUES	('PF003', 'The Wall', 'Pink Floyd'),
		('IX002', 'Kick', 'INXS'),
		('SP069', 'Never Mind the Bollocks', 'Sex Pistols'),
		('PF002', 'The Dark Side of the Moon', 'Pink Floyd'),
		('IX005', 'Shabooh Shoobah', 'INXS'),
		('SP070', 'Floggin a Dead Horse', 'Sex Pistols'),
		('PF004', 'The Endless River', 'Pink Floyd'),
		('PF006', 'Wish You Were Here', 'Pink Floyd'),
		('SP075', 'Agents of Anarchy', 'Sex Pistols'),
		('PF007', 'The Division Bell', 'Pink Floyd');

INSERT INTO [dbo].[Sale] ([CustNo], [RecordId], [DateOrdered], [Price])
VALUES	(123, 'PF003', '2015-12-01', 30.00), 
		(123, 'IX002', '2015-12-01', 29.95),
		(123, 'SP069', '2015-12-02', 12.45),
		(123, 'IX002', '2015-12-05', 30.00),
		(456, 'PF002', '2015-12-01', 31.00),
		(456, 'IX005', '2015-12-03', 28.95),
		(456, 'SP070', '2015-12-06', 13.45),
		(789, 'PF004', '2015-12-02', 29.00),
		(789, 'IX002', '2015-12-05', 29.95),
		(234, 'PF006', '2015-12-01', 45.00),
		(234, 'SP075', '2015-12-04', 5.67),
		(567, 'PF007', '2015-12-03', 9.95);
GO

GO
